<?xml version="1.0" ?>

<list>
<!-- Inventory items-->
<text>
	<id>1</id>
	<name>Еда +30
Вода +5
</name>
</text>

<text>
	<id>2</id>
	<name>Еда +20
</name>
</text>

<text>
	<id>3</id>
	<name>Еда +35
</name>
</text>

<text>
	<id>4</id>
	<name>Еда +65
</name>
</text>

<text>
	<id>5</id>
	<name>Еда +15
Вода +5
Размер стака: 3

Может быть посажено с помощью кирки, лопаты или вил.
</name>
</text>

<text>
	<id>6</id>
	<name>Еда +15
Вода +5
Размер стака: 3
</name>
</text>

<text>
	<id>7</id>
	<name>Еда +15
Вода +5
Размер стака: 3
</name>
</text>

<text>
	<id>8</id>
	<name>Вода +30
</name>
</text>

<text>
	<id>9</id>
	<name>Вода +30
</name>
</text>

<text>
	<id>10</id>
	<name>Вода +50
</name>
</text>

<text>
	<id>11</id>
	<name>Патроны для M4, L85, FN CAL, AUG.
Размер стака: 30
</name>
</text>

<text>
	<id>12</id>
	<name>Патроны для FNX, Colt, UMP-45.
Размер стака: 30
</name>
</text>

<text>
	<id>13</id>
	<name>Патроны для Обрез винтовки Мосина, Винтовка Мосина, СВД, СВ-98, Madsen.
Размер стака: 20
</name>
</text>

<text>
	<id>14</id>
	<name>Патроны для СКС, AKM, РПК.
Размер стака: 30
</name>
</text>

<text>
	<id>15</id>
	<name>Патроны для AK-74u, AK-74, AN-94.
Размер стака: 30
</name>
</text>

<text>
	<id>16</id>
	<name>Патроны для Magnum, Обрез репитера, Repeater.
Размер стака: 30
</name>
</text>

<text>
	<id>17</id>
	<name>Патроны для IZH-43, Sawed IZH, Remington, Saiga-12k.
Размер стака: 15
</name>
</text>

<text>
	<id>18</id>
	<name>Останавливает кровотечение.
Время применения:3 секунды.
Размер стака: 3
</name>
</text>

<text>
	<id>19</id>
	<name>+50 Кровь.
Время применения:6 секунд.
</name>
</text>

<text>
	<id>20</id>
	<name>Освещает небольшую область ночью. Привлекает зомби на шум. Горит 90 секунд. 
</name>
</text>

<text>
	<id>21</id>
	<name>Взрывается через 2 секунды после броска.
</name>
</text>

<text>
	<id>22</id>
	<name>Используется в рации, очках ночного видения и налобном фонаре.
</name>
</text>

<text>
	<id>23</id>
	<name>После установки может быть подожжен спичками. Горит три минуты. Может быть использован три раза. Когда горит согревает и может быть исползован для жарки мяса.
</name>
</text>

<text>
	<id>24</id>
	<name>Используются для поджигания набора для костра или курения сигарет.
</name>
</text>

<text>
	<id>25</id>
	<name>+20 Вода
+40 Тепло

Ингридиент для: коктейль Молотова.
</name>
</text>

<text>
	<id>26</id>
	<name>Останавливает кровотечение.
Время применения:5 секунд.
Размер стака: 3

Ингридиент для: Набор для костра, Веревка.
</name>
</text>

<text>
	<id>27</id>
	<name>Еда +15
Вода +15
Размер стака: 3
</name>
</text>

<text>
	<id>28</id>
	<name>+25 Кровь.
Время применения:6 секунд.
</name>
</text>

<text>
	<id>29</id>
	<name>Удваивает регенерацию крови на 60 секунд(если регенерация активна)
</name>
</text>

<text>
	<id>30</id>
	<name>Вода +50
</name>
</text>

<text>
	<id>31</id>
	<name>+20 Еда
+20 Вода
Размер стака: 3

Может быть посажено с помощью кирки, лопаты или вил.
</name>
</text>

<text>
	<id>32</id>
	<name>+20 Еда
+5 Вода
Размер стака: 3

Может быть посажено с помощью кирки, лопаты или вил.
</name>
</text>

<text>
	<id>33</id>
	<name>+15 Еда
+15 Вода
Размер стака: 3
</name>
</text>

<text>
	<id>34</id>
	<name>+25 Тепло
</name>
</text>

<text>
	<id>35</id>
	<name>Восстанавливает 50% состояния для некоторого снаряжения.
</name>
</text>

<text>
	<id>36</id>
	<name>Восстанавливает 25% состояния огнестрельного оружия.
</name>
</text>

<text>
	<id>37</id>
	<name>Ингридиент для: Удочка, Лук.
</name>
</text>

<text>
	<id>38</id>
	<name>Ингридиент для: Набор для костра, Самодельные стрелы, Самодельный рюкзак, Самодельный Забор.
Размер стака: 5
</name>
</text>

<text>
	<id>39</id>
	<name>Восстанавливает 15% состояния для некоторого снаряжения.
Необходим для ремонта лодки на втором острове.
</name>
</text>

<text>
	<id>40</id>
	<name>Ингридиент для: Самодельная сумка, Брезент.
</name>
</text>

<text>
	<id>41</id>
	<name>Ингридиент для: Самодельная сумка, Лук, Удочка.
</name>
</text>

<text>
	<id>42</id>
	<name>Необходим чтобы свежевать животных.
Урон: 14-24
Шанс Крита: 10%
Шанс блока: 5%
Скорость атаки: 0.8с
</name>
</text>

<text>
	<id>43</id>
	<name>Необходим чтобы свежевать животных.
Урон: 15-25
Шанс Крита: 15%
Шанс блока: 5%
Скорость атаки: 0.8с
</name>
</text>

<text>
	<id>44</id>
	<name>Необходим чтобы свежевать животных.
Урон: 16-26
Шанс Крита: 20%
Шанс блока: 5%
Скорость атаки: 0.8с
</name>
</text>

<text>
	<id>45</id>
	<name>В течении 10 секунд, каждую секунду будет прибавлятся по +50 Крови и увеличится скорость бега. По окончании 10 секунд уровень крови снизится до 25 если он был выше.
</name>
</text>

<text>
	<id>46</id>
	<name>Излечивает отравление и даёт иммунитет от него на 5 минут.
Время применения:3 секунды.
</name>
</text>

<text>
	<id>47</id>
	<name>Может быть использован 5 раз.
Может быть посажено с помощью кирки, лопаты или вил.
</name>
</text>

<text>
	<id>48</id>
	<name>Может быть использован 5 раз.
Может быть посажено с помощью кирки, лопаты или вил.
</name>
</text>

<text>
	<id>49</id>
	<name>Ингридиент для: Набор для костра.
</name>
</text>

<text>
	<id>50</id>
	<name>Ингридиент для: Набор для костра, Самодельный забор, Тайник для лута.
Необходимы для ремонта лодки на первом острове.
</name>
</text>

<text>
	<id>51</id>
	<name>Имеет 75% шанс сломаться после выстрела.
Патроны для: Лук, Арбалет.
Урон: 37-63
Размер стака: 5
</name>
</text>

<text>
	<id>52</id>
	<name>Имеет 50% шанс сломаться после выстрела.
Патроны для: Лук, Арбалет.
Урон: 56-94
Размер стака: 5
</name>
</text>

<text>
	<id>53</id>
	<name>+50 Топлива к исправному автомобилю.
Необходима для ремонта лодки на третьем острове.
</name>
</text>

<text>
	<id>54</id>
	<name>+12 Воды за каждое использование.
Можно восполнять на колонках с водой.
</name>
</text>

<text>
	<id>55</id>
	<name>+25 Воды за каждое использование.
Можно восполнять на колонках с водой.
</name>
</text>

<text>
	<id>56</id>
	<name>После установки и срабатывания разбрасывает осколки во все стороны. Не реагирует на вас.
</name>
</text>

<text>
	<id>57</id>
	<name>После установки и срабатывания наносит 200 урона. Не реагирует на вас.
</name>
</text>

<text>
	<id>58</id>
	<name>Патроны для Спортер 22, Амфибия.
Размер стака: 50
</name>
</text>

<text>
	<id>59</id>
	<name>Восстанавливает 25% состояния рабочего автомобиля.
</name>
</text>

<text>
	<id>60</id>
	<name>+25 Еда
+10 Вода
50% шанс получить отравление при сьедении.

Может быть приготовлено на костре.
</name>
</text>

<text>
	<id>61</id>
	<name>+50 Еда
+10 Вода
+15 Кровь
</name>
</text>

<text>
	<id>62</id>
	<name>+100 Вода
+200 Опыта
Удваивает регенерацию здоровья на 60 секунд.
</name>
</text>

<text>
	<id>63</id>
	<name>+15% к скорости бега на 20 секунд.
</name>
</text>

<text>
	<id>68</id>
	<name>+15% к скорости бега на 20 секунд.
</name>
</text>

<text>
	<id>69</id>
	<name>Патроны для: Glock, Mp5k, Mac-10.
Размер стака: 40
</name>
</text>

<text>
	<id>70</id>
	<name>После установки замедляет попавших в него врагов на 2 секунды.
</name>
</text>

<text>
	<id>71</id>
	<name>+25 Еда
+10 Вода
50% шанс получить отравление при сьедении.

Может быть приготовлено на костре.
</name>
</text>

<text>
	<id>72</id>
	<name>+35 Еда
+10 Вода
+30 Кровь.
</name>
</text>

<text>
	<id>73</id>
	<name>+10 Еда
+10 Вода
Удваивает регенерацию крови на 30 секунд.
Размер стака: 3
</name>
</text>

<text>
	<id>74</id>
	<name>+10 Еда
+20 Вода
Размер стака: 3
</name>
</text>

<text>
	<id>75</id>
	<name>Отмечает на карте военную технику(джипы и упавшие вертолеты) в радиусе 5 квадратов на миникарте. 10% Батареи за каждое сканирование.
</name>
</text>

<text>
	<id>76</id>
	<name>+5% к шансу попадания в голову
-2 к базовому разбросу оружия.

Может быть установлено на:MP5k, UMP-45, AK-74u, Ak-74, AN-94, AKM, M4, L85, FN CAL, РПК, Сайга12, Bizon, Гроза, ВСС.
</name>
</text>

<text>
	<id>77</id>
	<name>+15% к шансу попадания в голову
-4к базовому разбросу оружия.

Может быть установлено на: СКС, Мосин.
</name>
</text>

<text>
	<id>78</id>
	<name>+15% к шансу попадания в голову.
-4к базовому разбросу оружия.

Может быть установлено на:AK-74u, Ak-74, AN-94, AKM, РПК, Гроза, ВСС.
</name>
</text>

<text>
	<id>79</id>
	<name>+15% к шансу попадания в голову.
-4к базовому разбросу оружия.

Может быть установлено на:MP5k, UMP-45, M4, L85, FN-CAL
</name>
</text>

<text>
	<id>80</id>
	<name>Когда установлен делает стрельбу бесшумной.

Может быть установлено на: AK-74u, AN-94, Ak-74.
</name>
</text>

<text>
	<id>81</id>
	<name>Когда установлен делает стрельбу бесшумной.
		
Может быть установлено на: M4, L85, FN-CAL, AUG.
</name>
</text>

<text>
	<id>82</id>
	<name>Позволяет создавать обрезы оружия из винтовки Мосина, ружья ИЖ и Репитера.
</name>
</text>

<text>
	<id>83</id>
	<name>Когда установлен ускоряет перезарядку оружия на 30%

Может быть установлено на:IZH-43, Remington, СКС, Винтовка Мосина, Repeater.
</name>
</text>

<text>
	<id>85</id>
	<name>+40 Еда
+40 Вода
Может быть использован 2 раза.
</name>
</text>

<text>
	<id>86</id>
	<name>Позволяет ловить рыбу в озёрах и в море. Стойте рядом с водой чтобы увидеть рыбу.
10% состояния за каждое использование.
</name>
</text>

<text>
	<id>87</id>
	<name>Позволяет ловить рыбу в озёрах и в море. Стойте рядом с водой чтобы увидеть рыбу.
25% состояния за каждое использование.
</name>
</text>

<text>
	<id>88</id>
	<name>Потеряный кейс с лутом группы выживших. Может быть вскрыт(минус к Карме) или возвращён владельцам.
</name>
</text>

<text>
	<id>89</id>
	<name>Когда установлен ускоряет перезарядку оружия на 30%

Может быть установлено на:AK-74u, Ak-74, AN-94, AKM, M4, L85, FN CAL, AUG, РПК, Сайга12, Гроза, ВСС.
</name>
</text>

<text>
	<id>90</id>
	<name>Уменьшает разлёт дроби для дробовиков.

Может быть установлено на:ИЖ-43, Ремингтон, Сайга.
</name>
</text>

<text>
	<id>91</id>
	<name>+10 Еда
+10 Вода
50% chance to get sickness when eaten.

Может быть приготовлено на костре.
</name>
</text>

<text>
	<id>92</id>
	<name>+35 Еда
+15 Вода
50% chance to get sickness when eaten.

Может быть приготовлено на костре.
</name>
</text>

<text>
	<id>93</id>
	<name>+10 Еда
+10 Вода
50% chance to get sickness when eaten.

Может быть приготовлено на костре.
</name>
</text>

<text>
	<id>94</id>
	<name>+35 Еда
+15 Вода
50% шанс получить отравление при сьедении.

Может быть приготовлено на костре.
</name>
</text>

<text>
	<id>95</id>
	<name>+25 Еда
+10 Вода
+10 Кровь
</name>
</text>

<text>
	<id>96</id>
	<name>+50 Еда
+10 Вода
+10 Кровь
</name>
</text>

<text>
	<id>97</id>
	<name>Bad trip гарантирован.
</name>
</text>

<text>
	<id>98</id>
	<name>+25% к шансу попадания в голову.
-6к базовому разбросу оружия.

Может быть установлено на:СКС, Винтовка Мосина, СВД, СВ-98.
</name>
</text>

<text>
	<id>99</id>
	<name>После установки и срабатывания взрывается в установленном направлении.
</name>
</text>

<text>
	<id>100</id>
	<name>Патроны для ПМ, ПБ, Bizon.
Размер стака: 40
</name>
</text>

<text>
	<id>101</id>
	<name>Патроны для ВСС, Гроза.
Размер стака: 30
</name>
</text>

<text>
	<id>102</id>
	<name>После броска взрывается и поджигает врагов. Может поджечь здание.
</name>
</text>

<text>
	<id>103</id>
	<name>Сигнальная ракетница, после использования призывается ящик со случайными припасами через 20 секунд к месту выстрела. Выстрел привлекает зомби.
</name>
</text>

<text>
	<id>104</id>
	<name>Патроны для стационарного пулемета на военном джипе.
</name>
</text>

<text>
	<id>105</id>
	<name>Заряды для подствольного гранатомета М203.
Размер стака: 5
</name>
</text>

<text>
	<id>106</id>
	<name>Заряды для подствольного гранатомета ГП-25.
Размер стака: 5
</name>
</text>

<text>
	<id>107</id>
	<name>Подствольный гранатомёт западного образца.
Позволяет стрелять 40мм гранатами после установки.

Может быть установлено на:M4, L85, FN-CAL, AUG.
</name>
</text>

<text>
	<id>108</id>
	<name>Подствольный гранатомёт восточного образца.
Позволяет стрелять гранатами ВОГ после установки.

Может быть установлено на: AK-74, AKM, AN-94.
</name>
</text>

<text>
	<id>109</id>
	<name>Может быть наполнен собственной кровью для дальнейшего использования.
Требуется 50 или более Крови для использования.
</name>
</text>

<text>
	<id>110</id>
	<name>Специальный точильный камень.
+25% к состоянию некоторого рукопашного оружия.

Может быть использовано на: Топорик, Пожарный топор, Меч, Катану, Ножи.
</name>
</text>

<text>
	<id>111</id>
	<name>Универсальное тактическое цевьё для оружия АК серии.
Значительно уменьшает максимальный разброс при стрельбе. Делает стрельбу на бегу и долгие очереди более точными.

Может быть установлено на: AK-74, AKM, РПК.
</name>
</text>

<text>
	<id>112</id>
	<name>Передняя рукоять для оружия с планкой пикаттини.
Значительно уменьшает максимальный разброс при стрельбе. Делает стрельбу на бегу и долгие очереди более точными.

Может быть установлено на: UMP-45, M4, L85.
</name>
</text>

<text>
	<id>113</id>
	<name>Маленький блокнот содержащий записи об интересных местах на текущем острове. Отмечает интересные места на карте при использовании. Если не будет использован на этом острове - исчезнет на следующем.
</name>
</text>

<text>
	<id>114</id>
	<name>+10 Еда
+10 Вода
+2 Кровь
</name>
</text>

<text>
	<id>115</id>
	<name>
</name>
</text>

<text>
	<id>116</id>
	<name>Содержит много полезной информации о выживании.
+200 Опыта
</name>
</text>

<text>
	<id>117</id>
	<name>Ингридиент для Тайника для лута.
</name>
</text>

<text>
	<id>118</id>
	<name>Останавливает кровотечение.
Время применения: 1 секунда.
Размер стака: 5
</name>
</text>

<text>
	<id>119</id>
	<name>На 15 секунд создаёт дымовую завесу, затрудняющую обзор противников.
</name>
</text>

<text>
	<id>120</id>
	<name>+5 Тепла и замедление голода и жажды на 30 секунд при использовании.
+5 к Карме при угощении других выживших.
</name>
</text>

<text>
	<id>121</id>
	<name>+20 Воды
+10 Тепла
</name>
</text>

<text>
	<id>122</id>
	<name>Восстанавливает 25% состояния для некоторого снаряжения.
</name>
</text>

<text>
	<id>123</id>
	<name>Ускоряет рост некоторых растений.
</name>
</text>

<text>
	<id>124</id>
	<name>Увеличивает скорость прицеливания и восстановление после отдачи на 30%.

Может быть установлено на: UMP-45, Вектор, AK-74у, AК-74, AН-94, AKM, M4, L85, AUG, РПК, Винтовка Мосина, СКС, СВД, СВ-98, ВСС.
</name>
</text>

<text>
	<id>125</id>
	<name>Используются для поджигания набора для костра или курения сигарет.
</name>
</text>

<text>
	<id>126</id>
	<name>Открывает специальные двери в подземном бункере. Работает только на текущем острове.
</name>
</text>

<!-- Pistols-->
<!-- fnx -->
<text>
	<id>211</id>
	<name>Урон: 15-25
Точность: 5
Скорость прицеливания: 10 
Патроны: 45 ACP
Размер обоймы: 15
</name>
</text>

<!-- colt -->

<text>
	<id>212</id>
	<name>Урон: 18-32
Точность: 6
Скорость прицеливания: 10 
Патроны: 45 ACP
Размер обоймы: 7
</name>
</text>

<!-- magnum -->

<text>
	<id>213</id>
	<name>Урон: 33-57
Точность: 6
Скорость прицеливания: 6 
Патроны: .357
Размер обоймы: 6
</name>
</text>

<!-- glock -->

<text>
	<id>214</id>
	<name>Урон: 14-24
Точность: 7
Скорость прицеливания: 10 
Патроны: 9mm
Размер обоймы: 18
</name>
</text>

<!-- amphibia-->

<text>
	<id>215</id>
	<name>Имеет встроенный глушитель.
Урон: 11-19
Точность: 8
Скорость прицеливания: 10 
Патроны: 22lr
Размер обоймы: 10
</name>
</text>

<!-- IZH S-->

<text>
	<id>216</id>
	<name>Урон: 15-125
Точность: 1
Скорость прицеливания: 8 
Патроны: 12cal
Размер обоймы: 2
</name>
</text>

<!-- Мосин S-->

<text>
	<id>217</id>
	<name>Урон: 67-113
Точность: 1
Скорость прицеливания: 6
Патроны: 7.62
Размер обоймы: 5
</name>
</text>

<!-- Rare colt-->

<text>
	<id>218</id>
	<name>Урон: 18-32
Точность: 7
Скорость прицеливания: 10
Патроны: 45 ACP
Размер обоймы: 12
</name>
</text>

<!-- MAc-->

<text>
	<id>219</id>
	<name>Урон: 12-25
Точность: 2
Скорость прицеливания: 7
Скорострельность: 10
Патроны: 9mm
Размер обоймы: 30
</name>
</text>

<!-- MAre-->

<text>
	<id>220</id>
	<name>Урон: 33-57
Точность: 2
Скорость прицеливания: 8
Патроны: .357
Размер обоймы: 7
</name>
</text>

<!-- ПМ-->

<text>
	<id>221</id>
	<name>Урон: 18-30
Точность: 4
Скорость прицеливания: 10
Патроны: 9x18
Размер обоймы: 8
</name>
</text>

<!-- ПБ-->

<text>
	<id>222</id>
	<name>Имеет встроенный глушитель.
Урон: 18-30
Точность: 3
Скорость прицеливания: 10
Патроны: 9x18
Размер обоймы: 8
</name>
</text>

<!-- Deagle-->

<text>
	<id>223</id>
	<name>Урон: 30-50
Точность: 6
Скорость прицеливания: 7
Патроны: .357
Размер обоймы: 9
</name>
</text>

<!-- Main Weapons-->

<!-- Мосин-->
<text>
	<id>232</id>
	<name>Урон: 67-113
Точность: 9
Скорость прицеливания: 4
Скорострельность: 46
Патроны: 7.62
Размер обоймы: 5
</name>
</text>

<!-- M4-->
<text>
	<id>233</id>
	<name>Урон: 18-30
Точность: 8
Скорость прицеливания: 5
Скорострельность: 600
Патроны: 5.56
Размер обоймы: 30
</name>
</text>

<!-- IZH -->
<text>
	<id>234</id>
	<name>Урон: 15-125
Точность: 8
Скорость прицеливания: 5
Патроны: 5.56
Размер обоймы: 30
</name>
</text>

<!-- IZH -->
<text>
	<id>234</id>
	<name>Урон: 15-125
Точность: 2
Скорость прицеливания: 4
Патроны: 12cal
Размер обоймы: 2
</name>
</text>

<!-- AK-74 -->
<text>
	<id>235</id>
	<name>Урон: 18-32
Точность: 7
Скорость прицеливания: 5
Скорострельность: 600
Патроны: 5.45
Размер обоймы: 30
</name>
</text>

<!-- AKM -->
<text>
	<id>236</id>
	<name>Урон: 26-44
Точность: 7
Скорость прицеливания: 5
Скорострельность: 460
Патроны: 7.62x39
Размер обоймы: 30
</name>
</text>

<!-- AK-74u -->
<text>
	<id>237</id>
	<name>Урон: 18-32
Точность: 6
Скорость прицеливания: 6
Скорострельность: 750
Патроны: 5.45
Размер обоймы: 30
</name>
</text>

<!-- СКС -->
<text>
	<id>238</id>
	<name>Урон: 33-57
Точность: 8
Скорость прицеливания: 6
Скорострельность: 200
Патроны: 7.62x39
Размер обоймы: 10
</name>
</text>

<!-- L85 -->
<text>
	<id>240</id>
	<name>Урон: 18-30
Точность: 9
Скорость прицеливания: 5
Скорострельность: 500
Патроны: 5.56
Размер обоймы: 30
</name>
</text>

<!-- Remington -->
<text>
	<id>241</id>
	<name>Урон: 15-125
Точность: 2
Скорость прицеливания: 4
Скорострельность: 66
Патроны: 12cal
Размер обоймы: 6
</name>
</text>

<!-- Bow -->
<text>
	<id>243</id>
	<name>Бесшумное оружие.
Урон: 37-94
Точность: 6
Скорость прицеливания: 6
Патроны: Композитные и самодельные стрелы.
Размер обоймы: 1
</name>
</text>

<!-- Арбалет -->
<text>
	<id>244</id>
	<name>Бесшумное оружие.
Урон: 37-94
Точность: 9
Скорость прицеливания: 6
Патроны: Композитные и самодельные стрелы.
Размер обоймы: 1
</name>
</text>

<!-- Спортер -->
<text>
	<id>246</id>
	<name>Урон: 15-25
Точность: 8
Скорость прицеливания: 6
Скорострельность: 300
Патроны: 22lr
Размер обоймы: 30
</name>
</text>

<!-- Repeater -->
<text>
	<id>247</id>
	<name>Урон: 30-50
Точность: 7
Скорость прицеливания: 6
Скорострельность: 85
Патроны: .357
Размер обоймы: 7
</name>
</text>

<!-- СВД -->
<text>
	<id>248</id>
	<name>Урон: 60-100
Точность: 9
Скорость прицеливания: 3
Скорострельность: 150
Патроны: 7.62
Размер обоймы: 10
</name>
</text>

<!-- MP5k -->
<text>
	<id>249</id>
	<name>Урон: 13-23
Точность: 6
Скорость прицеливания: 6
Скорострельность: 850
Патроны: 9mm
Размер обоймы: 30
</name>
</text>

<!-- UMP -->
<text>
	<id>251</id>
	<name>Урон: 13-23
Точность: 5
Скорость прицеливания: 6
Скорострельность: 650
Патроны: 45 ACP
Размер обоймы: 30
</name>
</text>

<!-- РПК -->
<text>
	<id>252</id>
	<name>Урон: 26-44
Точность: 7
Скорость прицеливания: 6
Скорострельность: 600
Патроны: 7.62x39
Размер обоймы: 40
</name>
</text>

<!-- FN CAL -->
<text>
	<id>253</id>
	<name>Урон: 22-38
Точность: 9
Скорость прицеливания: 5
Скорострельность: 550
Патроны: 5.56
Размер обоймы: 30
</name>
</text>

<!-- Saiga12 -->
<text>
	<id>254</id>
	<name>Урон: 15-125
Точность: 1
Скорость прицеливания: 4
Скорострельность: 200
Патроны: 12cal
Размер обоймы: 8
</name>
</text>

<!-- AUG -->
<text>
	<id>255</id>
	<name>Имеет встроенный прицел увеличивающий вероятность попадания в голову на 15%
Урон: 18-30
Точность: 9
Скорость прицеливания: 5
Скорострельность: 650
Патроны: 5.56
Размер обоймы: 30
</name>
</text>

<!-- Bizon -->
<text>
	<id>256</id>
	<name>Урон: 18-20
Точность: 6
Скорость прицеливания: 6
Скорострельность: 550
Патроны: 9x18
Размер обоймы: 40
</name>
</text>

<!-- Гроза -->
<text>
	<id>257</id>
	<name>Имеет встроенный подствольный гранатомет ГП-25
Урон: 30-50
Точность: 7
Скорость прицеливания: 6
Скорострельность: 600
Патроны: 9x39
Размер обоймы: 30
</name>
</text>

<!-- ВСС -->
<text>
	<id>258</id>
	<name>Урон: 37-62
Точность: 10
Скорость прицеливания: 5
Скорострельность: 600
Патроны: 9x39
Размер обоймы: 20
</name>
</text>

<!-- SV98 -->
<text>
	<id>259</id>
	<name>Урон: 61-106
Точность: 9
Скорость прицеливания: 3
Скорострельность: 66
Патроны: 7.62
Размер обоймы: 10
</name>
</text>

<!-- MAdsen -->
<text>
	<id>260</id>
	<name>Очень хрупкий и старый пулемёт.
Урон: 52-87
Точность: 6
Скорость прицеливания: 6
Скорострельность: 500
Патроны: 7.62
Размер обоймы: 20
</name>
</text>

<!-- AN94 -->
<text>
	<id>261</id>
	<name>Стреляет очередями по 2 патрона.
Урон: 24-40
Точность: 8
Скорость прицеливания: 3
Скорострельность: 1800
Патроны: 5.45
Размер обоймы: 30
</name>
</text>

<!-- Slilenced Remington-->
<text>
	<id>262</id>
	<name>Имеет встроенный глушитель.
Урон: 15-125
Точность: 2
Скорость прицеливания: 4
Скорострельность: 66
Патроны: 12cal
Размер обоймы: 6
</name>
</text>

<!-- M16A2-->
<text>
	<id>263</id>
	<name>Стреляет очередями по 3 патрона.
Урон: 18-30
Точность: 9
Скорость прицеливания: 4
Скорострельность: 1800
Патроны: 5.56
Размер обоймы: 30
</name>
</text>

<!-- Vector-->
<text>
	<id>264</id>
	<name>Урон: 13-23
Точность: 6
Скорость прицеливания: 6
Скорострельность: 1200
Патроны: 45ACP
Размер обоймы: 30
</name>
</text>

<!-- Backpacks -->
<!-- Taloon -->
<text>
	<id>301</id>
	<name>+3 Слота.
</name>
</text>

<text>
	<id>302</id>
	<name>+7 Слотов.
</name>
</text>

<text>
	<id>303</id>
	<name>+5 Слотов.
</name>
</text>

<text>
	<id>304</id>
	<name>+2 Слота.
</name>
</text>

<text>
	<id>305</id>
	<name>+3 Слота.
</name>
</text>

<text>
	<id>306</id>
	<name>+5 Слотов.
</name>
</text>

<text>
	<id>307</id>
	<name>Раскладная палатка в которой можно хранить лут. После установки можно сложить обратно.
</name>
</text>

<text>
	<id>308</id>
	<name>+6 Слотов.
</name>
</text>

<text>
	<id>309</id>
	<name>+1 Слот. 
</name>
</text>

<!-- Pants -->
<!-- Jeans -->
<text>
	<id>351</id>
	<name>+2 Слота
+5 Тепла
</name>
</text>

<!-- Worker -->
<text>
	<id>352</id>
	<name>+3 Слота
+5 Тепла 
</name>
</text>

<!-- Sport -->
<text>
	<id>353</id>
	<name>+1 Слот
+3 Тепла 
</name>
</text>

<!-- Gorka -->
<text>
	<id>354</id>
	<name>+3 Слота
+7 Тепла 
+2 Брони
</name>
</text>

<!-- Medic -->
<text>
	<id>355</id>
	<name>+2 Слота
+4 Тепла 
</name>
</text>

<!-- Orel -->
<text>
	<id>356</id>
	<name>+2 Слота
+5 Тепла 
+1 Брони
</name>
</text>

<!-- Hunter -->
<text>
	<id>357</id>
	<name>+3 Слота
+6 Тепла
+1 Брони 
</name>
</text>

<!-- Vest -->
<!-- Bulletproof -->
<text>
	<id>401</id>
	<name>+8 Брони
</name>
</text>

<!-- assault -->
<text>
	<id>402</id>
	<name>+2 Слота
+3 Брони
</name>
</text>

<!-- press -->
<text>
	<id>403</id>
	<name>+1 Слот
+6 Брони
</name>
</text>

<!-- High Capacity -->
<text>
	<id>404</id>
	<name>+3 Слота
+3 Брони
</name>
</text>

<!-- Kevlar -->
<text>
	<id>405</id>
	<name>+3 Слота
+10 Брони
</name>
</text>

<!-- Soviet -->
<text>
	<id>406</id>
	<name>+2 Слота
+8 Брони
</name>
</text>

<!-- FARTUK -->
<text>
	<id>407</id>
	<name>+1 Слот 
</name>
</text>

<!-- Helmets -->
<!-- Moto -->
<text>
	<id>451</id>
	<name>+2 Тепла 
+3 Брони
</name>
</text>

<!-- Military -->
<text>
	<id>452</id>
	<name>+2 Тепла 
+4 Брони
</name>
</text>

<!-- Hard -->
<text>
	<id>453</id>
	<name>+2 Тепла 
+2 Брони
</name>
</text>

<!-- Gasmask -->
<text>
	<id>454</id>
	<name>+2 Тепла 
+1 Брони
</name>
</text>

<!-- Moto2 -->
<text>
	<id>455</id>
	<name>+2 Тепла 
+3 Брони
</name>
</text>

<!-- Moto3 -->
<text>
	<id>456</id>
	<name>+2 Тепла 
+3 Брони
</name>
</text>

<!-- Cap -->
<text>
	<id>457</id>
	<name>+2 Тепла 
</name>
</text>

<!-- WarmHat -->
<text>
	<id>458</id>
	<name>+4 Тепла 
</name>
</text>

<!-- Ushanka -->
<text>
	<id>459</id>
	<name>+6 Тепла 
</name>
</text>

<!-- Beret -->
<text>
	<id>460</id>
	<name>+2 Тепла 
</name>
</text>

<!-- Balaklava -->
<text>
	<id>461</id>
	<name>+3 Тепла 
</name>
</text>

<!-- Lamp -->
<text>
	<id>462</id>
	<name>+1 Тепла 
Использует батарейки.
</name>
</text>

<!-- Cowboy -->
<text>
	<id>463</id>
	<name>+2 Тепла 
</name>
</text>

<!-- Welding -->
<text>
	<id>464</id>
	<name>+1 Тепла 
+1 Брони
</name>
</text>

<!-- Gorka -->
<text>
	<id>465</id>
	<name>+3 Тепла 
+5 Брони
</name>
</text>

<!-- Gorka -->
<text>
	<id>465</id>
	<name>+3 Тепла 
+5 Брони
</name>
</text>

<!-- Police Hat -->
<text>
	<id>466</id>
	<name>+2 Тепла 
</name>
</text>

<!-- NVG -->
<text>
	<id>467</id>
	<name>+1 Тепла 
Использует батарейки.
</name>
</text>

<!-- Bandana -->
<text>
	<id>468</id>
	<name>+2 Тепла 
Может быть разорвано на тряпки.
</name>
</text>

<!-- Knight helmet -->
<text>
	<id>469</id>
	<name>+4 Тепла 
+5 Брони.
</name>
</text>

<!-- Pilot helmet -->
<text>
	<id>470</id>
	<name>+3 Тепла 
+2 Брони.
</name>
</text>

<!-- Outfits -->

<!-- Hoodie -->
<text>
	<id>501</id>
	<name>+2 Слота
+5 Тепла 
Может быть разорвано на тряпки.
</name>
</text>

<!-- Shirt -->
<text>
	<id>502</id>
	<name>+2 Слота
+3 Тепла 
Может быть разорвано на тряпки.
</name>
</text>

<!-- Hoodie -->
<text>
	<id>504</id>
	<name>+2 Слота
+5 Тепла 
Может быть разорвано на тряпки.
</name>
</text>

<!-- rain -->
<text>
	<id>505</id>
	<name>+2 Слота
+6 Тепла 

Защищает от дождя
</name>
</text>

<!-- rain2 -->
<text>
	<id>506</id>
	<name>+2 Слота
+6 Тепла

Защищает от дождя
</name>
</text>

<!-- raider jacket -->
<text>
	<id>507</id>
	<name>+1 Слот
+4 Тепла 
+2 Брони
</name>
</text>

<!-- fur coat -->
<text>
	<id>509</id>
	<name>+1 Слот
+9 Тепла 
</name>
</text>

<!-- Gorka -->
<text>
	<id>510</id>
	<name>+3 Слота
+7 Тепла 
+2 Брони
</name>
</text>

<!-- tshirt -->
<text>
	<id>511</id>
	<name>+2 Тепла 
Может быть разорвано на тряпки.
</name>
</text>

<!-- paramedic -->
<text>
	<id>512</id>
	<name>+2 Слота
+5 Тепла 
</name>
</text>

<!-- orel -->
<text>
	<id>513</id>
	<name>+2 Слота
+5 Тепла 
+1 Брони
</name>
</text>

<!-- tracksuit -->
<text>
	<id>514</id>
	<name>+1 Слот
+4 Тепла 
</name>
</text>

<!-- Dress -->
<text>
	<id>515</id>
	<name>+1 Слот
+4 Тепла 
</name>
</text>

<!-- Down -->
<text>
	<id>516</id>
	<name>+2 Слота
+8 Тепла 
</name>
</text>

<!-- Hunter -->
<text>
	<id>517</id>
	<name>+3 Слота
+6 Тепла 
+1 Брони
</name>
</text>

<!-- Sweater -->
<text>
	<id>518</id>
	<name>+1 Слот
+6 Тепла 
</name>
</text>

<!-- Hoodie Red-->
<text>
	<id>519</id>
	<name>+3 Слота
+8 Тепла 
</name>
</text>

<!-- Melee -->

<!-- Axe -->
<text>
	<id>551</id>
	<name>Урон: 52-87
Шанс Крита: 25%
Шанс блока: 25%
Скорость атаки: 1.5с
Может рубить деревья.
</name>
</text>

<!-- Shovel -->
<text>
	<id>552</id>
	<name>Урон: 19-31
Шанс Крита: 15%
Шанс блока: 35%
Скорость атаки: 1.6с
Может быть использовано для посадки растений.
</name>
</text>

<!-- Wrench -->
<text>
	<id>553</id>
	<name>Урон: 23-38
Шанс Крита: 25%
Шанс блока: 15%
Скорость атаки: 1.3с
</name>
</text>

<!-- Baseball bat -->
<text>
	<id>554</id>
	<name>Урон: 26-44
Шанс Крита: 25%
Шанс блока: 15%
Скорость атаки: 1с
</name>
</text>

<!-- Fire axe -->
<text>
	<id>555</id>
	<name>Урон: 45-75
Шанс Крита: 25%
Шанс блока: 25%
Скорость атаки: 1.6с
Может рубить деревья.
</name>
</text>

<!-- Crowbar -->
<text>
	<id>556</id>
	<name>Урон: 19-31
Шанс Крита: 25%
Шанс блока: 15%
Скорость атаки: 1.2с
</name>
</text>

<!-- Kitchen knife -->
<text>
	<id>557</id>
	<name>Урон: 14-24
Шанс Крита: 10%
Шанс блока: 5%
Скорость атаки: 0.8с
</name>
</text>

<!-- Hunter knife -->
<text>
	<id>558</id>
	<name>Урон: 15-25
Шанс Крита: 15%
Шанс блока: 5%
Скорость атаки: 0.8с
</name>
</text>

<!-- Army knife -->
<text>
	<id>559</id>
	<name>Урон: 16-26
Шанс Крита: 20%
Шанс блока: 5%
Скорость атаки: 0.8с
</name>
</text>

<!-- Pickaxe-->
<text>
	<id>560</id>
	<name>Урон: 33-55
Шанс Крита: 15%
Шанс блока: 35%
Скорость атаки: 1.3с
Может быть использовано для посадки растений.
</name>
</text>

<!-- Pitchfork -->
<text>
	<id>561</id>
	<name>Урон: 30-50
Шанс Крита: 15%
Шанс блока: 35%
Скорость атаки: 1.2с
Может быть использовано для посадки растений.
</name>
</text>

<!-- Sledgehammer -->
<text>
	<id>562</id>
	<name>Урон: 36-60
Шанс Крита: 15%
Шанс блока: 35%
Скорость атаки: 1.8с
</name>
</text>

<!-- Sword -->
<text>
	<id>563</id>
	<name>Урон: 56-94
Шанс Крита: 35%
Шанс блока: 25%
Скорость атаки: 1.5с
Может рубить деревья.
</name>
</text>

<!-- Pan -->
<text>
	<id>564</id>
	<name>Урон: 25-41
Шанс Крита: 40%
Шанс блока: 35%
Скорость атаки: 0.9с
</name>
</text>

<!-- Katana -->
<text>
	<id>565</id>
	<name>Урон: 48-81
Шанс Крита: 35%
Шанс блока: 25%
Скорость атаки: 1.2с
Может рубить деревья.
</name>
</text>

<!-- Secret location reveal-->
<text>
	<id>150</id>
	<name>Вот это находка!</name>
</text>

<text>
	<id>151</id>
	<name>Вызвать припасы</name>
</text>

<text>
	<id>152</id>
	<name>Зарядить</name>
</text>

<text>
	<id>153</id>
	<name>В этой машине нет стационарного пулемёта.</name>
</text>

<text>
	<id>154</id>
	<name>Я не могу сделать это здесь.</name>
</text>

<text>
	<id>155</id>
	<name>Выберите уровень сложности.
Некоторые достижение и контент могут быть заработаны только на высокой сложности.
</name>
</text>

<text>
	<id>156</id>
	<name>Для этого нужно оружие с подствольным гранатомётом.</name>
</text>

<text>
	<id>157</id>
	<name>Патронов:</name>
</text>

<text>
	<id>158</id>
	<name>Я не могу сделать это пока болею.</name>
</text>

<text>
	<id>159</id>
	<name>Мне нужно больше крови для этого.</name>
</text>

<text>
	<id>160</id>
	<name>Я итак истекаю кровью!</name>
</text>

<text>
	<id>161</id>
	<name>Отказаться</name>
</text>

<text>
	<id>162</id>
	<name>Нам с тобой не о чем говорить.</name>
</text>

<!-- Фразы бота при командах-->


<text>
	<id>163</id>
	<name>Иду за тобой.</name>
</text>

<text>
	<id>164</id>
	<name>Я буду сторожить тут.</name>
</text>

<!-- Фразы для сна-->

<text>
	<id>165</id>
	<name>Я немогу спать когда рядом враги.</name>
</text>

<text>
	<id>166</id>
	<name>Я лучше посплю ночью.</name>
</text>

<text>
	<id>167</id>
	<name>Спать можно в ночное время(00:00 - 06:00). В хорошем состоянии спать можно до 6 утра. Вы проснётесь раньше если уровень голода или жажды будет слишком высок.
</name>
</text>

<text>
	<id>168</id>
	<name>Лечь спать</name>
</text>

<text>
	<id>169</id>
	<name>В текущем состоянии ы можете спать до: </name>
</text>

<text>
	<id>170</id>
	<name>Слишком холодно чтобы спать.</name>
</text>

<text>
	<id>171</id>
	<name>Я слишком голоден чтобы спать.</name>
</text>

<text>
	<id>172</id>
	<name>Я слишком хочу пить чтобы спать.</name>
</text>

<text>
	<id>173</id>
	<name>Я немогу сделать этого пока у меня кровотечение.</name>
</text>

<text>
	<id>174</id>
	<name>Мне нужна хотя бы крыша над головой чтобы уснуть.</name>
</text>

<text>
	<id>175</id>
	<name>Я слишком истощен чтобы спать сейчас.</name>
</text>

<text>
	<id>176</id>
	<name>Я немогу спать днём.</name>
</text>

<text>
	<id>177</id>
	<name>Я немогу спать здесь.</name>
</text>

<text>
	<id>178</id>
	<name>Легенда</name>
</text>

<text>
	<id>179</id>
	<name>Слишком близко!</name>
</text>

<!-- Персонажи -->

<text>
	<id>180</id>
	<name>Ксавьер "Пилот"
Начальная экипировка: штаны горка, свитер, шлем пилота, UMP-45, Сигнальная шашка.
Открытые умения: Выживальщик (ур.2), Разведчик.</name>
</text>

<text>
	<id>181</id>
	<name>Ксавьер "Пилот"
Чтобы разблокировать:  Найдите 13 упавших вертолётов за одну жизнь.
На уровне сложности "Легенда".</name>
</text>

<text>
	<id>182</id>
	<name>Рудольф "Ягер"
Начальная экипировка: Охотничьи штаны, Охотничья куртка, ИЖ-43, Ушанка, 12cal патроны х10, охотничий нож, удочка.
Открытые умения: Охотник(ур.2), Внимательность</name>
</text>

<text>
	<id>183</id>
	<name>Рудольф "Ягер"
Чтобы разблокировать: Найдите и убейте трёх оленей альбиносов за одну жизнь.
На уровне сложности "Легенда".</name>
</text>

<text>
	<id>184</id>
	<name>Таман "ГБР"
Начальная экипировка: Фуражка, китель "Орёл", штаны "Орёл", АКСу-74, Энергетический напиток.
Открытые умения: Снайпер(ур.2), Свинцовый фермер</name>
</text>

<text>
	<id>185</id>
	<name>Таман "ГБР"
Чтобы разблокировать: Убейта зомби-танка с помощью стационарного пулемёта на джипе.
На уровне сложности "Легенда".</name>
</text>

<text>
	<id>186</id>
	<name>Дарья "Лаборантка"
Начальная экипировка:  рабочие штаны, фартук, рубашка, тетрациклин, IV набор, витамины, адреналин, бинты x3.
Открытые умения: Красный+ (ур.2), Спринтер</name>
</text>

<text>
	<id>187</id>
	<name>Дарья "Лаборантка"
Чтобы разблокировать: Доберитесь до 5го острова.
На уровне сложности "Легенда".</name>
</text>

<text>
	<id>188</id>
	<name>Заточить (+25%)</name>
</text>

<text>
	<id>189</id>
	<name>Дигл
Чтобы разблокировать: Наденьте одновременно ковбойскую шляпу, рубашку и магнум.
На уровне сложности «Опытный» или выше.
Прогресс:</name>
</text>

<text>
	<id>190</id>
	<name>Дигл
Разблокировано.
Где найти: Подземный бункер, оружейные магазины.</name>
</text>

<text>
	<id>191</id>
	<name>Катана
Чтобы разблокировать: Убейте 100 зараженных с помощью ножей.
На уровне сложности «Легенда».
Прогресс:</name>
</text>

<text>
	<id>192</id>
	<name>Катана
Разблокировано.
Где найти: Оружейные магазины.</name>
</text>

<text>
	<id>193</id>
	<name>Оружие заточено.</name>
</text>

<text>
	<id>194</id>
	<name>Это оружие не может быть заточено.</name>
</text>

<text>
	<id>195</id>
	<name>Сделать верёвку</name>
</text>

<text>
	<id>196</id>
	<name>Мне нужно 3 тряпки для этого.</name>
</text>

<text>
	<id>197</id>
	<name>Следуй за мной!</name>
</text>

<text>
	<id>198</id>
	<name>Стой здесь!</name>
</text>

<text>
	<id>199</id>
	<name>Уходи!</name>
</text>

<text>
	<id>200</id>
	<name>Приветствую</name>
</text>

<text>
	<id>201</id>
	<name>Я не могу сделать это здесь</name>
</text>

<text>
	<id>202</id>
	<name>Тут рядом враги!</name>
</text>

<text>
	<id>203</id>
	<name>Можно попробовать перепрыгнуть на машине.</name>
</text>

<text>
	<id>204</id>
	<name>Вы готовы перепрыгнуть? Пути назад не будет, а впереди много опасностей.
	</name>
</text>

<text>
	<id>205</id>
	<name>Привет.</name>
</text>

<text>
	<id>206</id>
	<name>Не мог бы ты нам помочь?</name>
</text>

<text>
	<id>207</id>
	<name>Не стреляй, и все будет в порядке.</name>
</text>

<text>
	<id>208</id>
	<name>Я слежу за тобой.</name>
</text>

<text>
	<id>209</id>
	<name>Спасибо!</name>
</text>

<text>
	<id>210</id>
	<name>Привет, мы слышали о тебе. Ты помогал другим людям в беде, и мы хотим помочь тебе, держи:	</name>
</text>

<text>
	<id>611</id>
	<name>Я получил много новых знаний!</name>
</text>

<text>
	<id>612</id>
	<name>Читать</name>
</text>

<text>
	<id>613</id>
	<name>На секунду я почувствовал себя бессмертным.</name>
</text>

<text>
	<id>614</id>
	<name> минут.</name>
</text>

<text>
	<id>615</id>
	<name>Сделать тайник</name>
</text>

<text>
	<id>616</id>
	<name>Установить тайник</name>
</text>

<text>
	<id>617</id>
	<name>• Медленные голод и жажда.
• Тёплая погода
• Сниженный урон врагов.
</name>
</text>

<text>
	<id>618</id>
	<name>• Средняя скорость голода и жажды.
• Нормальная погода.
• Нормальный урон врагов.
</name>
</text>

<text>
	<id>619</id>
	<name>• Высокая скорость голода и жажды.
• Холодная погода.
• Повышенный урон от врагов.
• Немного больше врагов.
</name>
</text>

<text>
	<id>620</id>
	<name>• Высокая скорость голода и жажды.
• Холодная погода.
• Повышенный урон от врагов.
• Немного больше врагов.
• Неисследованные области скрыты на карте.
</name>
</text>

<text>
	<id>621</id>
	<name>Начать
</name>
</text>

<text>
	<id>622</id>
	<name>Вы готовы отправиться на следующий остров? Вы не сможете вернуться назад.
</name>
</text>

<text>
	<id>623</id>
	<name>Вы готовы отправиться на следующий остров? Вы не сможете вернуться назад.
</name>
</text>

<text>
	<id>624</id>
	<name>Удочка сломана
</name>
</text>

<text>
	<id>625</id>
	<name>Сделать Молотов
</name>
</text>

<text>
	<id>626</id>
	<name>МОЛОТОВ И ВЕРЕВКА
</name>
</text>

<text>
	<id>627</id>
	<name>Тряпки x3 = Веревка
</name>
</text>

<text>
	<id>628</id>
	<name>Виска + Сигнальная шашка = Молотов
</name>
</text>

<text>
	<id>629</id>
	<name>ТАЙНИК ДЛЯ ЛУТА
</name>
</text>

<text>
	<id>630</id>
	<name>Мешочная ткань + Мешочная ткань = Брезент
</name>
</text>

<text>
	<id>631</id>
	<name>Брезент + Дрова = Построить тайник.
Предметы оставленные в тайнике не будут исчезать. Враги могут уничтожить тайник если найдут его.
</name>
</text>

<text>
	<id>632</id>
	<name>Майкл "Дизайнер"
Чтобы разблокировать: Достигните неизвестного острова.
На уровне сложности «Легенда».
</name>
</text>

<text>
	<id>633</id>
	<name>Майкл "Дизайнер"
Начальная экипировка: Кайфовый худи, Рабочие штаны, Меч, Вектор, Энергетик x4, патроны .45 ACP x60.
Открытые умения: Снайпер, Молотильщик, Спринтер, Разведчик.</name>
</text>

<text>
	<id>634</id>
	<name>Пластырь
Чтобы разблокировать: Пройдите игру за одного из этих персонажей: Эмилио «Док», Билли «Красный», Дейв «Боксер».</name>
</text>

<text>
	<id>635</id>
	<name>Зажигалка
Чтобы разблокировать: Пройдите игру за одного из этих персонажей: Ли «Маньяк», Сергей «Слав», Джон «Байкер».</name>
</text>

<text>
	<id>636</id>
	<name>Дымовая граната
Чтобы разблокировать: Пройдите игру за одного из этих персонажей: Ганзо «Дракон», Том «Выживший», Гарри «Ветеран».</name>
</text>

<text>
	<id>637</id>
	<name>ЛЦУ
Чтобы разблокировать: Пройдите игру за одного из этих персонажей: Кейт «Турист», Жасмин «Лесоруб», Айка «Стрингер».</name>
</text>

<text>
	<id>638</id>
	<name>Что-то
Чтобы разблокировать: Пройдите игру за одного из этих персонажей: Ксавьер "Пилот", Рудольф "Ягер", Таман "ГБР", Дарья "Лаборантка".</name>
</text>

<text>
	<id>639</id>
	<name>...Прием! Прием! Мы вас слышим! Летим к вам, будем через день, Держитесь!...</name>
</text>

<text>
	<id>640</id>
	<name>Попытаться связаться с кем либо по рации?</name>
</text>

<text>
	<id>641</id>
	<name>Курить</name>
</text>

<text>
	<id>642</id>
	<name>Угостить</name>
</text>

<text>
	<id>643</id>
	<name>Удобрить</name>
</text>

<text>
	<id>644</id>
	<name>Предметы</name>
</text>

<text>
	<id>645</id>
	<name>Пластырь
Где найти: Больницы, Городские дома.</name>
</text>

<text>
	<id>646</id>
	<name>Зажигалка
Где найти: Пожарные станции, гаражи.</name>
</text>

<text>
	<id>647</id>
	<name>Дымовая граната
Где найти: Подземный бункер, военные базы.</name>
</text>

<text>
	<id>648</id>
	<name>ЛЦУ
Где найти: Подземный бункер, военные базы.</name>
</text>

<text>
	<id>649</id>
	<name>Ключ-карта офицера.
Где найти: Инфицированные военные офицеры.</name>
</text>

<text>
	<id>650</id>
	<name>Мне нужен костёр, спички или зажигалка.</name>
</text>

<text>
	<id>651</id>
	<name>Я немогу спать, я могу пропустить вертолёт.</name>
</text>

<text>
	<id>652</id>
	<name>Я немогу туда идти, я могу пропустить вертолёт.</name>
</text>

<text>
	<id>653</id>
	<name>Эй! Я Борис, добро пожаловать на борт!</name>
</text>

<text>
	<id>654</id>
	<name>Надя, летим на восток, на сигнал 4316.</name>
</text>

<text>
	<id>655</id>
	<name>Вы успешно спаслись.</name>
</text>

<text>
	<id>656</id>
	<name>Мне надо вернутся к радио!</name>
</text>

<text>
	<id>657</id>
	<name>Неизвестный остров №</name>
</text>

<text>
	<id>658</id>
	<name>Вы готовы подняться на поверхность? Пути назад не будет.</name>
</text>

<text>
	<id>659</id>
	<name>Для открытия этой двери нужна "Ключ-карта офицера".</name>
</text>

<text>
	<id>660</id>
	<name>Для этого нужно подходящее растение.</name>
</text>

<text>
	<id>661</id>
	<name>Клавиатура(WASD)</name>
</text>

</list>